{
    "epoch": 4.0,
    "eval_loss": 0.6975493431091309,
    "eval_macro-f1": 0.7261443281294578,
    "eval_micro-f1": 0.7261538461538461,
    "eval_runtime": 15.5286,
    "eval_samples": 3900,
    "eval_samples_per_second": 251.149,
    "eval_steps_per_second": 31.426,
    "predict_loss": 0.7420486211776733,
    "predict_macro-f1": 0.7058248434723323,
    "predict_micro-f1": 0.7058333333333333,
    "predict_runtime": 14.3043,
    "predict_samples": 3600,
    "predict_samples_per_second": 251.672,
    "predict_steps_per_second": 31.459
}