{
    "epoch": 8.0,
    "eval_loss": 0.9555147886276245,
    "eval_macro-f1": 0.7102088221152585,
    "eval_micro-f1": 0.7857142857142857,
    "eval_runtime": 31.1188,
    "eval_samples": 1400,
    "eval_samples_per_second": 44.989,
    "eval_steps_per_second": 22.494,
    "predict_loss": 1.18092942237854,
    "predict_macro-f1": 0.6415919765425482,
    "predict_micro-f1": 0.7435714285714285,
    "predict_runtime": 31.0899,
    "predict_samples": 1400,
    "predict_samples_per_second": 45.031,
    "predict_steps_per_second": 22.515,
    "train_loss": 0.43649517364501955,
    "train_runtime": 1779.6657,
    "train_samples": 5000,
    "train_samples_per_second": 56.19,
    "train_steps_per_second": 7.024
}